{
  "project_info": {
    "project_number": "408620370454",
    "project_id": "demolab1-d3f31",
    "storage_bucket": "demolab1-d3f31.appspot.com"
  },
  "client": [
    {
      "client_info": {
        "mobilesdk_app_id": "1:408620370454:android:89a2fc03fb0e1639c4c337",
        "android_client_info": {
          "package_name": "com.example.demolab1_and103"
        }
      },
      "oauth_client": [],
      "api_key": [
        {
          "current_key": "AIzaSyAQ0Egbt1hpctLX4nnFKjAfpi_QdqrPCiE"
        }
      ],
      "services": {
        "appinvite_service": {
          "other_platform_oauth_client": []
        }
      }
    }
  ],
  "configuration_version": "1"
}